{"text": " The original large V2 whisper model takes 4 minutes and 30 seconds to transcribe 30 minutes of audio on NVIDIA Tesla V100S while the faster whisper model only takes 54 seconds.", "segments": [{"id": 0, "seek": 0, "start": 0.0, "end": 17.0, "text": " The original large V2 whisper model takes 4 minutes and 30 seconds to transcribe 30 minutes of audio on NVIDIA Tesla V100S while the faster whisper model only takes 54 seconds.", "tokens": [50364, 440, 3380, 2416, 691, 17, 26018, 2316, 2516, 1017, 2077, 293, 2217, 3949, 281, 1145, 8056, 2217, 2077, 295, 6278, 322, 426, 3958, 6914, 13666, 691, 6879, 50, 1339, 264, 4663, 26018, 2316, 787, 2516, 20793, 3949, 13, 51214], "temperature": 0.0, "avg_logprob": -0.23134840988531347, "compression_ratio": 1.3134328358208955, "no_speech_prob": 0.009070227853953838}], "language": "en"}